{
  "project_info": {
    "project_number": "995515885610",
    "firebase_url": "https://arcal-8e642-default-rtdb.firebaseio.com",
    "project_id": "arcal-8e642",
    "storage_bucket": "arcal-8e642.appspot.com"
  },
  "client": [
    {
      "client_info": {
        "mobilesdk_app_id": "1:995515885610:android:3a14a4d23b1b3bce313b53",
        "android_client_info": {
          "package_name": "com.example.arcal"
        }
      },
      "oauth_client": [
        {
          "client_id": "995515885610-d365ns6gb0oldo67sor0d858jakmpb8h.apps.googleusercontent.com",
          "client_type": 3
        }
      ],
      "api_key": [
        {
          "current_key": "AIzaSyA0qFldcqLM-WiLd6Qhhr08DYAIWTWl408"
        }
      ],
      "services": {
        "appinvite_service": {
          "other_platform_oauth_client": [
            {
              "client_id": "995515885610-d365ns6gb0oldo67sor0d858jakmpb8h.apps.googleusercontent.com",
              "client_type": 3
            }
          ]
        }
      }
    }
  ],
  "configuration_version": "1"
}